"","Time","H2_O2_Real_Volumen_Production","H2_Real_Volumen_Production","O2_Real_Production"
"1",08:30:00,0.332963374,0.22,0.110987791333333
"2",09:30:00,0.523560209,0.35,0.174520069666667
"3",10:30:00,0.837988827,0.56,0.279329609
"4",11:30:00,0.626043406,0.42,0.208681135333333
"5",12:30:00,1.083423619,0.72,0.361141206333333
"6",13:30:00,1.391465677,0.93,0.463821892333333
"7",14:30:00,1.951854262,1.3,0.650618087333333
"8",15:30:00,1.085383502,0.72,0.361794500666667
"9",16:30:00,0.623182385,0.42,0.207727461666667
"10",17:30:00,0.407996736,0.27,0.135998912
"11",18:30:00,0.182715147,0.12,0.060905049
